"cookie,timestamp"
"r8QvB8b52y0EJPfl,2023-12-28T22:52:00+00:00"
"Fbeku2PKGfNqkVwT,2023-12-28T05:27:00+00:00"
"Fbeku2PKGfNqkVwT,2023-12-28T05:27:00+00:00"
"5WjwTOqeTxHYX0zC,2023-12-26T11:25:00+00:00"
"PB3Dxh4QOWayn00s,2023-12-24T02:49:00+00:00"
"ovQpmUO8RvQpoFGd,2023-12-23T13:43:00+00:00"
"EJ2CeNkfY4pdsV1a,2023-12-22T13:41:00+00:00"
"EJ2CeNkfY4pdsV1a,2023-12-22T13:41:00+00:00"
"EJ2CeNkfY4pdsV1a,2023-12-22T13:41:00+00:00"
"RPfrMreDnK8zc918,2023-12-21T08:45:00+00:00"
"RPfrMreDnK8zc918,2023-12-21T08:45:00+00:00"
"RPfrMreDnK8zc918,2023-12-21T08:45:00+00:00"
"XZESzzeENfgxaaTr,2023-12-18T16:41:00+00:00"
"QwMWsSwcmlf2QkbH,2023-12-17T01:10:00+00:00"
"VQGgqiAI4P5UIFFX,2023-12-15T21:04:00+00:00"
"VQGgqiAI4P5UIFFX,2023-12-15T21:04:00+00:00"
"VQGgqiAI4P5UIFFX,2023-12-15T21:04:00+00:00"
"PSDpSanvv1A7ok34,2023-12-14T02:11:00+00:00"
"cWkGW2j4bOzcp7Zl,2023-12-13T18:27:00+00:00"
"cWkGW2j4bOzcp7Zl,2023-12-13T18:27:00+00:00"
"zAVD2KgnIZl4Ts8T,2023-12-13T06:41:00+00:00"
"99unh9tzpRp7JLtW,2023-12-12T23:27:00+00:00"
"99unh9tzpRp7JLtW,2023-12-12T23:27:00+00:00"
"99unh9tzpRp7JLtW,2023-12-12T23:27:00+00:00"
"DM2N0CvFLD3xOz2i,2023-12-12T13:12:00+00:00"
"DM2N0CvFLD3xOz2i,2023-12-12T13:12:00+00:00"
"DM2N0CvFLD3xOz2i,2023-12-12T13:12:00+00:00"
"DM2N0CvFLD3xOz2i,2023-12-12T13:12:00+00:00"
"qArLoduXGOyOhSA1,2023-12-12T05:10:00+00:00"
"qArLoduXGOyOhSA1,2023-12-12T05:10:00+00:00"
"qArLoduXGOyOhSA1,2023-12-12T05:10:00+00:00"
"AgI6pFifjOBe5n92,2023-12-12T03:14:00+00:00"
"AgI6pFifjOBe5n92,2023-12-12T03:14:00+00:00"
"AgI6pFifjOBe5n92,2023-12-12T03:14:00+00:00"
"onDk7szffv3O4OoR,2023-12-10T21:41:00+00:00"
"onDk7szffv3O4OoR,2023-12-10T21:41:00+00:00"
"onDk7szffv3O4OoR,2023-12-10T21:41:00+00:00"
"mkH9dVxVGX9ow4KC,2023-12-09T13:56:00+00:00"
"mkH9dVxVGX9ow4KC,2023-12-09T13:56:00+00:00"
"mkH9dVxVGX9ow4KC,2023-12-09T13:56:00+00:00"
"zThotMlfBBi317S1,2023-12-08T23:33:00+00:00"
"zThotMlfBBi317S1,2023-12-08T23:33:00+00:00"
"zThotMlfBBi317S1,2023-12-08T23:33:00+00:00"
"gWeqi0G0Bbr9IoZC,2023-12-07T15:24:00+00:00"
"gWeqi0G0Bbr9IoZC,2023-12-07T15:24:00+00:00"
"6b77E6M1vZZb7unt,2023-12-07T11:47:00+00:00"
"6b77E6M1vZZb7unt,2023-12-07T11:47:00+00:00"
"kJbxBESfNiFxRMdl,2023-12-07T11:14:00+00:00"
"kJbxBESfNiFxRMdl,2023-12-07T11:14:00+00:00"
"kJbxBESfNiFxRMdl,2023-12-07T11:14:00+00:00"
"kJbxBESfNiFxRMdl,2023-12-07T11:14:00+00:00"
"Yh5qq2bKQ4BnpTm5,2023-12-07T07:02:00+00:00"
"Yh5qq2bKQ4BnpTm5,2023-12-07T07:02:00+00:00"
"Yh5qq2bKQ4BnpTm5,2023-12-07T07:02:00+00:00"
"vdXFNt1Z1lYUG6ME,2023-12-07T02:34:00+00:00"
"Tzw9Um3ZhYQpx7lG,2023-12-06T06:58:00+00:00"
"Tzw9Um3ZhYQpx7lG,2023-12-06T06:58:00+00:00"
"rtwpVVcoCWFQH8Q9,2023-12-05T14:22:00+00:00"
"NDtGcMFGP2ixyHkJ,2023-12-05T13:41:00+00:00"
"pHm2zhg7Koe0yN5v,2023-12-05T09:46:00+00:00"
"pHm2zhg7Koe0yN5v,2023-12-05T09:46:00+00:00"
"pHm2zhg7Koe0yN5v,2023-12-05T09:46:00+00:00"
"WhrDswW6JmT4mCEG,2023-12-05T06:35:00+00:00"
"WhrDswW6JmT4mCEG,2023-12-05T06:35:00+00:00"
"YwX1jUTEB7EJd51z,2023-12-05T03:22:00+00:00"
"YwX1jUTEB7EJd51z,2023-12-05T03:22:00+00:00"
"DossyXtreXO76J0Y,2023-12-04T12:00:00+00:00"
"bkjtwgrTYuJfkFOT,2023-12-04T05:48:00+00:00"
"bkjtwgrTYuJfkFOT,2023-12-04T05:48:00+00:00"
"K6qQQpUv3TvakUXm,2023-12-03T18:33:00+00:00"
"Jthwma2CqcbGcDlf,2023-12-03T18:00:00+00:00"
"eTLq6jeaLJMoJdAz,2023-12-03T01:53:00+00:00"
"eTLq6jeaLJMoJdAz,2023-12-03T01:53:00+00:00"
"NATv8IC9XQSibQxU,2023-12-03T00:36:00+00:00"
"vmJ3ytLjGBrAGILp,2023-12-02T01:02:00+00:00"
"UbTzd1gZTiUKDjla,2023-11-27T21:09:00+00:00"
"nIUtghPLL2vP7j2a,2023-11-26T19:14:00+00:00"
"6iZoOCNBJPcTQfEO,2023-11-25T19:27:00+00:00"
"rRrzvtSW7JDLdM6d,2023-11-24T17:46:00+00:00"
"NtsQGKW7x22ZkQEa,2023-11-24T01:19:00+00:00"
"JRwG0qUU2Hw6i5DY,2023-11-23T11:54:00+00:00"
"oSvX7mkDUThxK5b3,2023-11-22T11:55:00+00:00"
"oSvX7mkDUThxK5b3,2023-11-22T11:55:00+00:00"
"HM38ZvdLoaQf5CSO,2023-11-21T20:06:00+00:00"
"IumBOrqjkbMAO9gh,2023-11-21T08:16:00+00:00"
"IumBOrqjkbMAO9gh,2023-11-21T08:16:00+00:00"
"IumBOrqjkbMAO9gh,2023-11-21T08:16:00+00:00"
"ryIecX1h3dfvUnNt,2023-11-20T14:57:00+00:00"
"ulvCokEsic6iKVci,2023-11-20T05:02:00+00:00"
"ulvCokEsic6iKVci,2023-11-20T05:02:00+00:00"
"ulvCokEsic6iKVci,2023-11-20T05:02:00+00:00"
"ulvCokEsic6iKVci,2023-11-20T05:02:00+00:00"
"ILSVz0ZijoSJYfMY,2023-11-19T20:19:00+00:00"
"ILSVz0ZijoSJYfMY,2023-11-19T20:19:00+00:00"
"qbD0wNN1kSrvQRMu,2023-11-19T09:29:00+00:00"
"qbD0wNN1kSrvQRMu,2023-11-19T09:29:00+00:00"
"qbD0wNN1kSrvQRMu,2023-11-19T09:29:00+00:00"
"JS1c33jeLyJiTWnY,2023-11-19T01:53:00+00:00"
"JS1c33jeLyJiTWnY,2023-11-19T01:53:00+00:00"
"JS1c33jeLyJiTWnY,2023-11-19T01:53:00+00:00"
"V7TkKhMs6ApRJ5aG,2023-11-17T09:24:00+00:00"
"hahjMysar1dNm91j,2023-11-17T04:46:00+00:00"
"hahjMysar1dNm91j,2023-11-17T04:46:00+00:00"
"fCBghXmi4WZH0hPk,2023-11-16T23:49:00+00:00"
"fCBghXmi4WZH0hPk,2023-11-16T23:49:00+00:00"
"fCBghXmi4WZH0hPk,2023-11-16T23:49:00+00:00"
"fCBghXmi4WZH0hPk,2023-11-16T23:49:00+00:00"
"bFxwYecXZdv66KfD,2023-11-16T17:19:00+00:00"
"bFxwYecXZdv66KfD,2023-11-16T17:19:00+00:00"
"bFxwYecXZdv66KfD,2023-11-16T17:19:00+00:00"
"fMEhtTf1sTHDGfi6,2023-11-16T12:11:00+00:00"
"cno5yiGV8xgLO6cV,2023-11-15T18:08:00+00:00"
"cno5yiGV8xgLO6cV,2023-11-15T18:08:00+00:00"
"cno5yiGV8xgLO6cV,2023-11-15T18:08:00+00:00"
"MuhQ0pnOcAT8A2hW,2023-11-15T00:03:00+00:00"
"jFAw68gzhvR1RboZ,2023-11-14T19:11:00+00:00"
"tOWxLWkLafiCJLCH,2023-11-14T05:39:00+00:00"
"tOWxLWkLafiCJLCH,2023-11-14T05:39:00+00:00"
"tOWxLWkLafiCJLCH,2023-11-14T05:39:00+00:00"
"CGFQ3cUgn6DDr2pk,2023-11-14T04:44:00+00:00"
"CGFQ3cUgn6DDr2pk,2023-11-14T04:44:00+00:00"
"CGFQ3cUgn6DDr2pk,2023-11-14T04:44:00+00:00"
"BYp4SaVuSsYTolB2,2023-11-12T20:15:00+00:00"
"BYp4SaVuSsYTolB2,2023-11-12T20:15:00+00:00"
"BYp4SaVuSsYTolB2,2023-11-12T20:15:00+00:00"
"HEtgGjydy6VKxkCU,2023-11-12T14:06:00+00:00"
"x2MEGkFgZFivQc2V,2023-11-12T13:19:00+00:00"
"WNQ3gUaBs73fpiuY,2023-11-12T07:57:00+00:00"
"WNQ3gUaBs73fpiuY,2023-11-12T07:57:00+00:00"
"WNQ3gUaBs73fpiuY,2023-11-12T07:57:00+00:00"
"I5ePb2BzdP3sttVu,2023-11-12T03:51:00+00:00"
"I5ePb2BzdP3sttVu,2023-11-12T03:51:00+00:00"
"I5ePb2BzdP3sttVu,2023-11-12T03:51:00+00:00"
"h2Ye7vlbdBfSVfNA,2023-11-11T14:18:00+00:00"
"ydhFjeQHrXjJVb2n,2023-11-11T04:40:00+00:00"
"4ecG7ncrVrSxNrIv,2023-11-10T17:29:00+00:00"
"4ecG7ncrVrSxNrIv,2023-11-10T17:29:00+00:00"
"4ecG7ncrVrSxNrIv,2023-11-10T17:29:00+00:00"
"Fo5P0pGypmpYJKmF,2023-11-10T16:18:00+00:00"
"nhF9wwYByURSwVZY,2023-11-08T21:29:00+00:00"
"nhF9wwYByURSwVZY,2023-11-08T21:29:00+00:00"
"Z6fJzUNgkNpFRpJ7,2023-11-07T17:08:00+00:00"
"Z6fJzUNgkNpFRpJ7,2023-11-07T17:08:00+00:00"
"9SPtxdb1d1eCSjIp,2023-11-07T02:26:00+00:00"
"giW8tRthxYyGjJM5,2023-11-06T12:47:00+00:00"
"qveIrlHnI7JtQchG,2023-11-05T10:30:00+00:00"
"Z1L5Y4ZmlSL1LxE7,2023-11-05T07:50:00+00:00"
"Z1L5Y4ZmlSL1LxE7,2023-11-05T07:50:00+00:00"
"Z1L5Y4ZmlSL1LxE7,2023-11-05T07:50:00+00:00"
"Z1L5Y4ZmlSL1LxE7,2023-11-05T07:50:00+00:00"
"mB31GEACAAeX3ijD,2023-11-05T05:49:00+00:00"
"U7Ymdcl8sMBLP4cm,2023-11-04T21:04:00+00:00"
"F5j25FfgBHUHlHkK,2023-11-03T18:17:00+00:00"
"F5j25FfgBHUHlHkK,2023-11-03T18:17:00+00:00"
"2JzoceyXGs8lW8CK,2023-11-03T09:16:00+00:00"
"CnOjTp0XfQDmEqQa,2023-11-01T17:58:00+00:00"
"vn4BEhtlxYBzb3Sf,2023-10-28T21:34:00+00:00"
"Xw2pVOHdAJdqGfn0,2023-10-28T15:15:00+00:00"
"vLJWqM9gfpv0qiXP,2023-10-28T06:30:00+00:00"
"m8ijAaMpGz5W8KXX,2023-10-27T16:14:00+00:00"
"OvOfa9ioKFuGHVti,2023-10-25T11:34:00+00:00"
"kwHvUNxHT1Okx9xi,2023-10-25T01:25:00+00:00"
"kwHvUNxHT1Okx9xi,2023-10-25T01:25:00+00:00"
"kwHvUNxHT1Okx9xi,2023-10-25T01:25:00+00:00"
"kwHvUNxHT1Okx9xi,2023-10-25T01:25:00+00:00"
"y826piIbwU8En6ik,2023-10-24T23:15:00+00:00"
"Xqtl6NtFQJKYvFNQ,2023-10-24T16:23:00+00:00"
"Xqtl6NtFQJKYvFNQ,2023-10-24T16:23:00+00:00"
"Xqtl6NtFQJKYvFNQ,2023-10-24T16:23:00+00:00"
"U0OjGIWxJa4Vk0nl,2023-10-24T05:50:00+00:00"
"U0OjGIWxJa4Vk0nl,2023-10-24T05:50:00+00:00"
"0mLqCwbCfj47mCOY,2023-10-23T07:41:00+00:00"
"gqdz08AEDnyK4M6z,2023-10-22T03:02:00+00:00"
"gqdz08AEDnyK4M6z,2023-10-22T03:02:00+00:00"
"vd6eNmzJD6oy7UVY,2023-10-21T21:49:00+00:00"
"vd6eNmzJD6oy7UVY,2023-10-21T21:49:00+00:00"
"vd6eNmzJD6oy7UVY,2023-10-21T21:49:00+00:00"
"4TQut2DY2BTBBDMz,2023-10-21T01:39:00+00:00"
"GdbBxHfUTN7GBBrK,2023-10-20T11:31:00+00:00"
"GdbBxHfUTN7GBBrK,2023-10-20T11:31:00+00:00"
"GdbBxHfUTN7GBBrK,2023-10-20T11:31:00+00:00"
"mERKPZhF1DfJcaYs,2023-10-19T19:35:00+00:00"
"mERKPZhF1DfJcaYs,2023-10-19T19:35:00+00:00"
"mERKPZhF1DfJcaYs,2023-10-19T19:35:00+00:00"
"15Cnog7fuF5GQU6K,2023-10-18T13:23:00+00:00"
"ahT0AzAVGjrpZUUc,2023-10-18T05:13:00+00:00"
"OLNb5gFGJH2sWbOj,2023-10-17T14:44:00+00:00"
"i6fWn4yPm9E1ddTx,2023-10-17T05:16:00+00:00"
"k2bi9RbMKd8Ctwc6,2023-10-16T01:23:00+00:00"
"F2FblNaTN34cgwM4,2023-10-15T22:07:00+00:00"
"jSIkI8Mhxnr3GEQU,2023-10-14T17:05:00+00:00"
"LE2HNdcYNcjgOvGd,2023-10-12T14:44:00+00:00"
"LE2HNdcYNcjgOvGd,2023-10-12T14:44:00+00:00"
"LE2HNdcYNcjgOvGd,2023-10-12T14:44:00+00:00"
"oYJc6bmxxLmN0gTW,2023-10-10T03:18:00+00:00"
"oYJc6bmxxLmN0gTW,2023-10-10T03:18:00+00:00"
"oYJc6bmxxLmN0gTW,2023-10-10T03:18:00+00:00"
"aQAhc6VWk8JsJJ7Y,2023-10-09T08:15:00+00:00"
"aQAhc6VWk8JsJJ7Y,2023-10-09T08:15:00+00:00"
"aQAhc6VWk8JsJJ7Y,2023-10-09T08:15:00+00:00"
"qXLoBsiGapUt2kts,2023-10-09T02:48:00+00:00"
"qXLoBsiGapUt2kts,2023-10-09T02:48:00+00:00"
"qXLoBsiGapUt2kts,2023-10-09T02:48:00+00:00"
"01J5tZVPyxM1KW5I,2023-10-08T21:49:00+00:00"
"01J5tZVPyxM1KW5I,2023-10-08T21:49:00+00:00"
"01J5tZVPyxM1KW5I,2023-10-08T21:49:00+00:00"
"Qjw6vpn971VeOYns,2023-10-08T20:12:00+00:00"
"38DPd7uizH82Rk9i,2023-10-08T00:08:00+00:00"
"38DPd7uizH82Rk9i,2023-10-08T00:08:00+00:00"
"38DPd7uizH82Rk9i,2023-10-08T00:08:00+00:00"
"ezAt1qLW8GCo2YX3,2023-10-07T15:53:00+00:00"
"DAacmFUPByKfY7bD,2023-10-07T15:36:00+00:00"
"EXqqoqygVtSBCmjN,2023-10-06T17:31:00+00:00"
"EXqqoqygVtSBCmjN,2023-10-06T17:31:00+00:00"
"vyoA9IlcLeiiwZR6,2023-10-04T09:37:00+00:00"
"vyoA9IlcLeiiwZR6,2023-10-04T09:37:00+00:00"
"vyoA9IlcLeiiwZR6,2023-10-04T09:37:00+00:00"
"zWztReDgin8dROAK,2023-10-04T07:41:00+00:00"
"gMtsavs0u32Y9kAj,2023-10-03T22:59:00+00:00"
"gMtsavs0u32Y9kAj,2023-10-03T22:59:00+00:00"
"gMtsavs0u32Y9kAj,2023-10-03T22:59:00+00:00"
"1qHCz8mxzBK8npqP,2023-10-03T11:10:00+00:00"
"1qHCz8mxzBK8npqP,2023-10-03T11:10:00+00:00"
"1qHCz8mxzBK8npqP,2023-10-03T11:10:00+00:00"
"1qHCz8mxzBK8npqP,2023-10-03T11:10:00+00:00"
"rgYN8PxGMzBHpo6v,2023-10-03T00:36:00+00:00"
"rgYN8PxGMzBHpo6v,2023-10-03T00:36:00+00:00"
"QBCpfVUVKvkBxCIJ,2023-10-02T10:50:00+00:00"
"QBCpfVUVKvkBxCIJ,2023-10-02T10:50:00+00:00"
"QBCpfVUVKvkBxCIJ,2023-10-02T10:50:00+00:00"
"M9HWQmbhVIG0ruGK,2023-09-28T22:22:00+00:00"
"uPQZbxvD5nO3gJuO,2023-09-27T14:39:00+00:00"
"z1MxgOqbj3e9gFok,2023-09-27T14:12:00+00:00"
"z1MxgOqbj3e9gFok,2023-09-27T14:12:00+00:00"
"z1MxgOqbj3e9gFok,2023-09-27T14:12:00+00:00"
"z1MxgOqbj3e9gFok,2023-09-27T14:12:00+00:00"
"PZwUq6oIz6QYBq7F,2023-09-26T03:18:00+00:00"
"4z4SOUcfUPo4VhAL,2023-09-25T17:13:00+00:00"
"4z4SOUcfUPo4VhAL,2023-09-25T17:13:00+00:00"
"4z4SOUcfUPo4VhAL,2023-09-25T17:13:00+00:00"
"4z4SOUcfUPo4VhAL,2023-09-25T17:13:00+00:00"
"e7OFotqDUa7mPd1y,2023-09-23T07:09:00+00:00"
"UzF7vtjlCYiFybCV,2023-09-23T03:17:00+00:00"
"qYfEHdr4PmDPe9Qz,2023-09-19T07:46:00+00:00"
"zzK1CwwRdLj7k6S1,2023-09-18T14:18:00+00:00"
"zzK1CwwRdLj7k6S1,2023-09-18T14:18:00+00:00"
"zzK1CwwRdLj7k6S1,2023-09-18T14:18:00+00:00"
"zzK1CwwRdLj7k6S1,2023-09-18T14:18:00+00:00"
"QWsCW9ZHXR1NQw2O,2023-09-17T20:02:00+00:00"
"QWsCW9ZHXR1NQw2O,2023-09-17T20:02:00+00:00"
"vJFbWHROO3EVACE0,2023-09-16T05:16:00+00:00"
"dyTdf3FT9LFIF119,2023-09-16T01:04:00+00:00"
"dyTdf3FT9LFIF119,2023-09-16T01:04:00+00:00"
"FrzzIBJlkPHSwn8G,2023-09-15T09:31:00+00:00"
"O8BiC65Rr2mzkGfM,2023-09-14T16:17:00+00:00"
"A9ZupSTDiZ5ZIMZ3,2023-09-14T15:56:00+00:00"
"A9ZupSTDiZ5ZIMZ3,2023-09-14T15:56:00+00:00"
"A9ZupSTDiZ5ZIMZ3,2023-09-14T15:56:00+00:00"
"VqN4jbNUdkTGsUxE,2023-09-14T07:09:00+00:00"
"FHF8gPNZcRJBITiv,2023-09-14T05:18:00+00:00"
"ifxtqwpRq4Dgv5AW,2023-09-14T01:18:00+00:00"
"ePK5XaVZYQXu3LtT,2023-09-13T09:50:00+00:00"
"ePK5XaVZYQXu3LtT,2023-09-13T09:50:00+00:00"
"ePK5XaVZYQXu3LtT,2023-09-13T09:50:00+00:00"
"ePK5XaVZYQXu3LtT,2023-09-13T09:50:00+00:00"
"UEWz0w5ixGhLCBsU,2023-09-12T09:01:00+00:00"
"OVj5AEElxu3X0oBc,2023-09-10T21:15:00+00:00"
"XfOINdFCjpdU0HJu,2023-09-09T21:02:00+00:00"
"XfOINdFCjpdU0HJu,2023-09-09T21:02:00+00:00"
"XfOINdFCjpdU0HJu,2023-09-09T21:02:00+00:00"
"qPxuHydcnwNZ6Nui,2023-09-09T16:30:00+00:00"
"qPxuHydcnwNZ6Nui,2023-09-09T16:30:00+00:00"
"qPxuHydcnwNZ6Nui,2023-09-09T16:30:00+00:00"
"vtFX5tnB7ch7sNjt,2023-09-08T13:35:00+00:00"
"1XgqBcPJdMwj11RY,2023-09-07T16:02:00+00:00"
"S1w60i5QsysGAiHI,2023-09-06T19:23:00+00:00"
"ZW2t0WkwE6iXrpXs,2023-09-05T10:51:00+00:00"
"ZW2t0WkwE6iXrpXs,2023-09-05T10:51:00+00:00"
"ZW2t0WkwE6iXrpXs,2023-09-05T10:51:00+00:00"
"hlthHUmgBRabWmgs,2023-09-04T10:57:00+00:00"
"hlthHUmgBRabWmgs,2023-09-04T10:57:00+00:00"
"w6avXJtErg9yHUgP,2023-09-03T19:00:00+00:00"
"w6avXJtErg9yHUgP,2023-09-03T19:00:00+00:00"
"w6avXJtErg9yHUgP,2023-09-03T19:00:00+00:00"
"5V52yf9GdwLQmA4Q,2023-09-03T14:47:00+00:00"
"5V52yf9GdwLQmA4Q,2023-09-03T14:47:00+00:00"
"5V52yf9GdwLQmA4Q,2023-09-03T14:47:00+00:00"
"T2eL52mS1PQfDEu9,2023-09-02T00:16:00+00:00"
"4y7EYZdYyqgv0lfK,2023-08-28T02:16:00+00:00"
"Oax4ATp81qOqALtV,2023-08-27T14:34:00+00:00"
"Oax4ATp81qOqALtV,2023-08-27T14:34:00+00:00"
"a1hV6zx3YREhsC6s,2023-08-25T21:49:00+00:00"
"a1hV6zx3YREhsC6s,2023-08-25T21:49:00+00:00"
"a1hV6zx3YREhsC6s,2023-08-25T21:49:00+00:00"
"nq3zzgjsNsPdipog,2023-08-25T20:16:00+00:00"
"nq3zzgjsNsPdipog,2023-08-25T20:16:00+00:00"
"nq3zzgjsNsPdipog,2023-08-25T20:16:00+00:00"
"eEgrzrHimlIDs04g,2023-08-25T13:45:00+00:00"
"B72GeZiUafdq5NN5,2023-08-25T12:41:00+00:00"
"B72GeZiUafdq5NN5,2023-08-25T12:41:00+00:00"
"cLz1RjddccOvVmC1,2023-08-25T06:38:00+00:00"
"cLz1RjddccOvVmC1,2023-08-25T06:38:00+00:00"
"cLz1RjddccOvVmC1,2023-08-25T06:38:00+00:00"
"cLz1RjddccOvVmC1,2023-08-25T06:38:00+00:00"
"1XzbXgJYLfCu9kDn,2023-08-25T00:51:00+00:00"
"1XzbXgJYLfCu9kDn,2023-08-25T00:51:00+00:00"
"YGo4t9z6H38VXqWO,2023-08-24T22:02:00+00:00"
"4qDcQuRHYfyLPjQH,2023-08-23T06:50:00+00:00"
"4qDcQuRHYfyLPjQH,2023-08-23T06:50:00+00:00"
"4qDcQuRHYfyLPjQH,2023-08-23T06:50:00+00:00"
"RtlQq3ZuDO5lPCXs,2023-08-23T03:06:00+00:00"
"1CwfTUambsQxvbvh,2023-08-22T19:32:00+00:00"
"e42HKSQEFFXQT63v,2023-08-22T16:02:00+00:00"
"e42HKSQEFFXQT63v,2023-08-22T16:02:00+00:00"
"e42HKSQEFFXQT63v,2023-08-22T16:02:00+00:00"
"blHisRW6h8lPiw9v,2023-08-22T10:08:00+00:00"
"blHisRW6h8lPiw9v,2023-08-22T10:08:00+00:00"
"blHisRW6h8lPiw9v,2023-08-22T10:08:00+00:00"
"LIVE2huCbtWrGhw7,2023-08-22T05:07:00+00:00"
"LIVE2huCbtWrGhw7,2023-08-22T05:07:00+00:00"
"LIVE2huCbtWrGhw7,2023-08-22T05:07:00+00:00"
"iVwKL5MiaT2nM390,2023-08-21T07:32:00+00:00"
"iVwKL5MiaT2nM390,2023-08-21T07:32:00+00:00"
"sHADWrs4q93SEUq9,2023-08-21T04:09:00+00:00"
"sHADWrs4q93SEUq9,2023-08-21T04:09:00+00:00"
"Z24KE5I5yUtGWcrL,2023-08-20T15:49:00+00:00"
"Z24KE5I5yUtGWcrL,2023-08-20T15:49:00+00:00"
"2TMiceWclWgMJhnf,2023-08-20T12:22:00+00:00"
"2TMiceWclWgMJhnf,2023-08-20T12:22:00+00:00"
"2TMiceWclWgMJhnf,2023-08-20T12:22:00+00:00"
"hmYcRrZ4SnUs6SrC,2023-08-20T12:07:00+00:00"
"hmYcRrZ4SnUs6SrC,2023-08-20T12:07:00+00:00"
"id9p4yJ0dGbi6Hq8,2023-08-19T09:57:00+00:00"
"id9p4yJ0dGbi6Hq8,2023-08-19T09:57:00+00:00"
"id9p4yJ0dGbi6Hq8,2023-08-19T09:57:00+00:00"
"C8wGvSZROrvKk2OW,2023-08-18T06:37:00+00:00"
"yKMmAFMc5hG2AAAU,2023-08-17T11:29:00+00:00"
"yKMmAFMc5hG2AAAU,2023-08-17T11:29:00+00:00"
"KAZ5o7BxhPzGFHPz,2023-08-16T16:40:00+00:00"
"KAZ5o7BxhPzGFHPz,2023-08-16T16:40:00+00:00"
"KAZ5o7BxhPzGFHPz,2023-08-16T16:40:00+00:00"
"1eNSnU5NEDPVaoTy,2023-08-12T10:56:00+00:00"
"n1rq9efnKf1fIxbQ,2023-08-11T21:14:00+00:00"
"ayCPO52tQVfjhGO8,2023-08-11T02:59:00+00:00"
"VXljEyEYpEXki5qi,2023-08-10T08:18:00+00:00"
"VXljEyEYpEXki5qi,2023-08-10T08:18:00+00:00"
"VXljEyEYpEXki5qi,2023-08-10T08:18:00+00:00"
"IT9ZTYR6Blinj0Ox,2023-08-08T08:18:00+00:00"
"OYLRPja0rE0Gqu2k,2023-08-07T16:47:00+00:00"
"OYLRPja0rE0Gqu2k,2023-08-07T16:47:00+00:00"
"OYLRPja0rE0Gqu2k,2023-08-07T16:47:00+00:00"
"OYLRPja0rE0Gqu2k,2023-08-07T16:47:00+00:00"
"mWYe7UpGRdeKgBqH,2023-08-07T11:36:00+00:00"
"v4Y1b9l0FD1aL2yY,2023-08-07T04:23:00+00:00"
"mWB7EhZP03CH4muZ,2023-08-05T06:04:00+00:00"
"mWB7EhZP03CH4muZ,2023-08-05T06:04:00+00:00"
"mWB7EhZP03CH4muZ,2023-08-05T06:04:00+00:00"
"mWB7EhZP03CH4muZ,2023-08-05T06:04:00+00:00"
"vx6bKtPPdwNLrUGm,2023-08-05T02:17:00+00:00"
"vx6bKtPPdwNLrUGm,2023-08-05T02:17:00+00:00"
"vx6bKtPPdwNLrUGm,2023-08-05T02:17:00+00:00"
"vx6bKtPPdwNLrUGm,2023-08-05T02:17:00+00:00"
"BGt5CjB8K4tiaG39,2023-08-04T02:00:00+00:00"
"dRHU5oTEk4LRdGXQ,2023-08-03T19:32:00+00:00"
"TzqEZCVzZ9l6xDir,2023-08-03T19:01:00+00:00"
"TzqEZCVzZ9l6xDir,2023-08-03T19:01:00+00:00"
"TzqEZCVzZ9l6xDir,2023-08-03T19:01:00+00:00"
"cD5ph3vHejMP4ZE3,2023-08-03T04:46:00+00:00"
"xj57t1qgxWYJgTLq,2023-08-02T11:04:00+00:00"
"3GDCObpNOkg0RdEU,2023-08-02T06:16:00+00:00"
"u4uH8e70S5IWH68Y,2023-08-02T05:41:00+00:00"
"u4uH8e70S5IWH68Y,2023-08-02T05:41:00+00:00"
"u4uH8e70S5IWH68Y,2023-08-02T05:41:00+00:00"
"Dlha9Yp05wAM8O82,2023-08-02T02:23:00+00:00"
"Dlha9Yp05wAM8O82,2023-08-02T02:23:00+00:00"
"M5CzCwvNoUio1Kd5,2023-08-01T18:36:00+00:00"
"e4kcv5LjWRtZAKbQ,2023-08-01T17:26:00+00:00"
"e4kcv5LjWRtZAKbQ,2023-08-01T17:26:00+00:00"
"qGEjZG98nymmq0yB,2023-08-01T16:34:00+00:00"
"9PUPzGSgq4kdlA5z,2023-07-27T09:19:00+00:00"
"9PUPzGSgq4kdlA5z,2023-07-27T09:19:00+00:00"
"9PUPzGSgq4kdlA5z,2023-07-27T09:19:00+00:00"
"CuzcYk7HyGi3KAZH,2023-07-26T08:10:00+00:00"
"CuzcYk7HyGi3KAZH,2023-07-26T08:10:00+00:00"
"CuzcYk7HyGi3KAZH,2023-07-26T08:10:00+00:00"
"u5YLX2QQgI6BQHHj,2023-07-26T00:06:00+00:00"
"jVCvWhmeaRgNTJG9,2023-07-25T04:15:00+00:00"
"jVCvWhmeaRgNTJG9,2023-07-25T04:15:00+00:00"
"jVCvWhmeaRgNTJG9,2023-07-25T04:15:00+00:00"
"weVSV6jHUE5biSDC,2023-07-24T10:58:00+00:00"
"AKs04ZexgMUndYzb,2023-07-24T01:42:00+00:00"
"AKs04ZexgMUndYzb,2023-07-24T01:42:00+00:00"
"TSMfLfPEgvz9QwDy,2023-07-23T00:50:00+00:00"
"TSMfLfPEgvz9QwDy,2023-07-23T00:50:00+00:00"
"TSMfLfPEgvz9QwDy,2023-07-23T00:50:00+00:00"
"ZKXTqj6ep4A0Fm8Q,2023-07-22T21:07:00+00:00"
"65c5BgQfld6tvIsj,2023-07-22T00:48:00+00:00"
"65c5BgQfld6tvIsj,2023-07-22T00:48:00+00:00"
"mYx7YCoDwCA1HLLW,2023-07-21T20:35:00+00:00"
"eLiJUAOVnQN6TtR7,2023-07-21T13:12:00+00:00"
"eLiJUAOVnQN6TtR7,2023-07-21T13:12:00+00:00"
"eLiJUAOVnQN6TtR7,2023-07-21T13:12:00+00:00"
"mWQkfmEi0mgoLofY,2023-07-20T21:50:00+00:00"
"mWQkfmEi0mgoLofY,2023-07-20T21:50:00+00:00"
"alb87EfA8gkgIMgJ,2023-07-20T17:21:00+00:00"
"alb87EfA8gkgIMgJ,2023-07-20T17:21:00+00:00"
"tFvaoSx6kmg4Z4sZ,2023-07-18T23:36:00+00:00"
"RQzFnDYT99OxIRYl,2023-07-18T16:15:00+00:00"
"HVlDrYogXQprCWys,2023-07-18T07:11:00+00:00"
"HVlDrYogXQprCWys,2023-07-18T07:11:00+00:00"
"HVlDrYogXQprCWys,2023-07-18T07:11:00+00:00"
"HVlDrYogXQprCWys,2023-07-18T07:11:00+00:00"
"ZMzDSLG73m5rlQJf,2023-07-18T06:38:00+00:00"
"ZMzDSLG73m5rlQJf,2023-07-18T06:38:00+00:00"
"ZMzDSLG73m5rlQJf,2023-07-18T06:38:00+00:00"
"ZMzDSLG73m5rlQJf,2023-07-18T06:38:00+00:00"
"unKkbFAznUrXcOxv,2023-07-17T23:01:00+00:00"
"VcV5k0qm9i2AtOyN,2023-07-17T22:44:00+00:00"
"VcV5k0qm9i2AtOyN,2023-07-17T22:44:00+00:00"
"VcV5k0qm9i2AtOyN,2023-07-17T22:44:00+00:00"
"j4BmlkixF1MRQXsk,2023-07-17T20:20:00+00:00"
"CMOEunuHKVWnWG5s,2023-07-17T16:17:00+00:00"
"CMOEunuHKVWnWG5s,2023-07-17T16:17:00+00:00"
"EZQIpiZqN1TosVOq,2023-07-17T00:22:00+00:00"
"nOiDO2dmjRIidQm8,2023-07-15T23:37:00+00:00"
"XvaoR3Bzgj8tnHiC,2023-07-15T02:10:00+00:00"
"MwzZ1RU3H66MjqxX,2023-07-14T20:44:00+00:00"
"8lix1jptxmagTL2y,2023-07-14T08:11:00+00:00"
"fqMCB386vdwvxAc5,2023-07-13T09:51:00+00:00"
"fqMCB386vdwvxAc5,2023-07-13T09:51:00+00:00"
"fqMCB386vdwvxAc5,2023-07-13T09:51:00+00:00"
"fqMCB386vdwvxAc5,2023-07-13T09:51:00+00:00"
"dWB1tUj2JKsfjI7u,2023-07-13T09:14:00+00:00"
"dWB1tUj2JKsfjI7u,2023-07-13T09:14:00+00:00"
"dYON6Ra254t7uqxS,2023-07-12T23:59:00+00:00"
"dYON6Ra254t7uqxS,2023-07-12T23:59:00+00:00"
"cRIFPnGezBNPzwej,2023-07-11T15:00:00+00:00"
"dwNVwiGQiMjhqeJw,2023-07-11T02:46:00+00:00"
"dwNVwiGQiMjhqeJw,2023-07-11T02:46:00+00:00"
"z5WoaVXhzkb62Lcm,2023-07-10T15:50:00+00:00"
"fvBvPsvOk0AvKkgJ,2023-07-09T10:28:00+00:00"
"DyS3EQLyxgjAJUh4,2023-07-09T03:20:00+00:00"
"6sEzIQvJ3LjrYnGM,2023-07-08T18:25:00+00:00"
"ouor9eplyMMiZnfr,2023-07-08T17:50:00+00:00"
"ouor9eplyMMiZnfr,2023-07-08T17:50:00+00:00"
"ouor9eplyMMiZnfr,2023-07-08T17:50:00+00:00"
"bhXhF70J3flPll5m,2023-07-08T14:22:00+00:00"
"bhXhF70J3flPll5m,2023-07-08T14:22:00+00:00"
"bhXhF70J3flPll5m,2023-07-08T14:22:00+00:00"
"bhXhF70J3flPll5m,2023-07-08T14:22:00+00:00"
"XFpQsjKE9hOVw4cZ,2023-07-07T17:25:00+00:00"
"XFpQsjKE9hOVw4cZ,2023-07-07T17:25:00+00:00"
"sMXfwsrJ3IinkL6r,2023-07-06T16:06:00+00:00"
"sMXfwsrJ3IinkL6r,2023-07-06T16:06:00+00:00"
"98Y5bsDudQ1JXYgG,2023-07-06T15:10:00+00:00"
"98Y5bsDudQ1JXYgG,2023-07-06T15:10:00+00:00"
"98Y5bsDudQ1JXYgG,2023-07-06T15:10:00+00:00"
"PZkrmezi1UCJtHIE,2023-07-05T23:51:00+00:00"
"sBje3CxI5znX3l8R,2023-07-05T04:04:00+00:00"
"SYDQjxHlZ85u8GjW,2023-07-04T12:56:00+00:00"
"SOuCgYRnvPKdogSU,2023-07-04T09:51:00+00:00"
"SOuCgYRnvPKdogSU,2023-07-04T09:51:00+00:00"
"SOuCgYRnvPKdogSU,2023-07-04T09:51:00+00:00"
"SOuCgYRnvPKdogSU,2023-07-04T09:51:00+00:00"
"qfD11ottdDU1orXN,2023-07-03T23:57:00+00:00"
"saANCEUU1CURL4R0,2023-07-03T10:41:00+00:00"
"B279GP9kLCppEVG5,2023-07-02T13:27:00+00:00"
"B279GP9kLCppEVG5,2023-07-02T13:27:00+00:00"
"B279GP9kLCppEVG5,2023-07-02T13:27:00+00:00"
"F2QqXrz8C0VbNf1V,2023-07-01T22:52:00+00:00"
"FZK6LBQTy5hQAUDJ,2023-07-01T12:26:00+00:00"
"FZK6LBQTy5hQAUDJ,2023-07-01T12:26:00+00:00"
"FZK6LBQTy5hQAUDJ,2023-07-01T12:26:00+00:00"
"FZK6LBQTy5hQAUDJ,2023-07-01T12:26:00+00:00"
"vINKkZYZGPNoq863,2023-07-01T02:43:00+00:00"
"7nfS29fyuzotHeSZ,2023-06-28T01:42:00+00:00"
"7nfS29fyuzotHeSZ,2023-06-28T01:42:00+00:00"
"7nfS29fyuzotHeSZ,2023-06-28T01:42:00+00:00"
"7nfS29fyuzotHeSZ,2023-06-28T01:42:00+00:00"
"7A4Zku03ezHAMl5P,2023-06-27T12:25:00+00:00"
"wE7hA7EF9HhLT9ee,2023-06-26T02:20:00+00:00"
"wE7hA7EF9HhLT9ee,2023-06-26T02:20:00+00:00"
"wE7hA7EF9HhLT9ee,2023-06-26T02:20:00+00:00"
"07Ly7UmHCd5t3uZC,2023-06-26T01:39:00+00:00"
"07Ly7UmHCd5t3uZC,2023-06-26T01:39:00+00:00"
"07Ly7UmHCd5t3uZC,2023-06-26T01:39:00+00:00"
"71FXbgEvTS6agG8P,2023-06-25T22:43:00+00:00"
"2o8r9bNt3BsMUyBu,2023-06-25T06:57:00+00:00"
"VyA8cfRD3u8gQiCy,2023-06-24T12:58:00+00:00"
"UX6BJAFvzSG55mBI,2023-06-24T09:17:00+00:00"
"UX6BJAFvzSG55mBI,2023-06-24T09:17:00+00:00"
"Vt9yypAbFsJfVi7B,2023-06-23T20:41:00+00:00"
"Vt9yypAbFsJfVi7B,2023-06-23T20:41:00+00:00"
"Vt9yypAbFsJfVi7B,2023-06-23T20:41:00+00:00"
"d8TZKRccJJMj2ebM,2023-06-23T09:10:00+00:00"
"d8TZKRccJJMj2ebM,2023-06-23T09:10:00+00:00"
"d8TZKRccJJMj2ebM,2023-06-23T09:10:00+00:00"
"76pSPBeYi55NkQHL,2023-06-22T02:51:00+00:00"
"76pSPBeYi55NkQHL,2023-06-22T02:51:00+00:00"
"76pSPBeYi55NkQHL,2023-06-22T02:51:00+00:00"
"76pSPBeYi55NkQHL,2023-06-22T02:51:00+00:00"
"NUUMYIh6CT1ZSqQ1,2023-06-21T18:05:00+00:00"
"wSmCKl1tP7BBLhEN,2023-06-19T17:16:00+00:00"
"KlORnSMgX5VtQ80m,2023-06-18T13:05:00+00:00"
"X2U8cc3ABAbMDEy2,2023-06-18T09:28:00+00:00"
"X2U8cc3ABAbMDEy2,2023-06-18T09:28:00+00:00"
"X2U8cc3ABAbMDEy2,2023-06-18T09:28:00+00:00"
"3tkwSy1urMUFFKdQ,2023-06-17T02:33:00+00:00"
"0t6FFImZo9TyagEG,2023-06-16T15:29:00+00:00"
"cyGRXelxDxyB2tiV,2023-06-16T14:55:00+00:00"
"cyGRXelxDxyB2tiV,2023-06-16T14:55:00+00:00"
"cyGRXelxDxyB2tiV,2023-06-16T14:55:00+00:00"
"cyGRXelxDxyB2tiV,2023-06-16T14:55:00+00:00"
"T3gg9lZH2FpSBuuQ,2023-06-16T01:14:00+00:00"
"Wa18hHp9MeEEIvwT,2023-06-15T18:22:00+00:00"
"Wa18hHp9MeEEIvwT,2023-06-15T18:22:00+00:00"
"M25hMBP01M8f2sLI,2023-06-15T16:25:00+00:00"
"ZKvNtg3y8EXg2sHQ,2023-06-14T11:20:00+00:00"
"O2vsy2yZKCSad5lz,2023-06-14T05:39:00+00:00"
"PKh0zMfhr2M7HIYl,2023-06-13T18:06:00+00:00"
"ayIOUnpkcdRVarUm,2023-06-12T20:30:00+00:00"
"ayIOUnpkcdRVarUm,2023-06-12T20:30:00+00:00"
"SG5I4bI4iA1TDH1g,2023-06-12T17:52:00+00:00"
"SG5I4bI4iA1TDH1g,2023-06-12T17:52:00+00:00"
"SG5I4bI4iA1TDH1g,2023-06-12T17:52:00+00:00"
"SG5I4bI4iA1TDH1g,2023-06-12T17:52:00+00:00"
"4Lkdfgtv97Ojxc5U,2023-06-12T09:31:00+00:00"
"lzqAVxJFOGr3SWXS,2023-06-12T07:34:00+00:00"
"lzqAVxJFOGr3SWXS,2023-06-12T07:34:00+00:00"
"lzqAVxJFOGr3SWXS,2023-06-12T07:34:00+00:00"
"eSyUOJSTDEAGmOHW,2023-06-11T21:19:00+00:00"
"I4Ci58Oz3xtFbtlQ,2023-06-11T16:37:00+00:00"
"I4Ci58Oz3xtFbtlQ,2023-06-11T16:37:00+00:00"
"I4Ci58Oz3xtFbtlQ,2023-06-11T16:37:00+00:00"
"oWoBANADNeF3SmSx,2023-06-08T19:56:00+00:00"
"uMVSE3kywr8uhxh8,2023-06-07T16:18:00+00:00"
"vi7oIRMvgazreqBi,2023-06-07T04:09:00+00:00"
"vi7oIRMvgazreqBi,2023-06-07T04:09:00+00:00"
"vi7oIRMvgazreqBi,2023-06-07T04:09:00+00:00"
"kKlXIbXWadt54lB6,2023-06-06T17:45:00+00:00"
"kKlXIbXWadt54lB6,2023-06-06T17:45:00+00:00"
"kKlXIbXWadt54lB6,2023-06-06T17:45:00+00:00"
"kKlXIbXWadt54lB6,2023-06-06T17:45:00+00:00"
"zCVkWo0lfsFNl2r8,2023-06-04T18:20:00+00:00"
"zCVkWo0lfsFNl2r8,2023-06-04T18:20:00+00:00"
"zCVkWo0lfsFNl2r8,2023-06-04T18:20:00+00:00"
"zCVkWo0lfsFNl2r8,2023-06-04T18:20:00+00:00"
"s2V71tG4wxgi2xMd,2023-06-04T10:42:00+00:00"
"s2V71tG4wxgi2xMd,2023-06-04T10:42:00+00:00"
"lZeFrdr3Cb5T15Ml,2023-06-04T09:54:00+00:00"
"lZeFrdr3Cb5T15Ml,2023-06-04T09:54:00+00:00"
"PvtP6Eke47JXEAqY,2023-06-03T15:41:00+00:00"
"PvtP6Eke47JXEAqY,2023-06-03T15:41:00+00:00"
"PvtP6Eke47JXEAqY,2023-06-03T15:41:00+00:00"
"l4mZ5ELTZGVuK2Yo,2023-06-03T10:36:00+00:00"
"l4mZ5ELTZGVuK2Yo,2023-06-03T10:36:00+00:00"
"l4mZ5ELTZGVuK2Yo,2023-06-03T10:36:00+00:00"
"jzdPWjxkF6gNIw3I,2023-06-02T20:10:00+00:00"
"IZLgwVVe6C01lCMe,2023-05-27T22:27:00+00:00"
"IZLgwVVe6C01lCMe,2023-05-27T22:27:00+00:00"
"IZLgwVVe6C01lCMe,2023-05-27T22:27:00+00:00"
"IZLgwVVe6C01lCMe,2023-05-27T22:27:00+00:00"
"qF6Ku0s0OxvvqQqR,2023-05-27T12:31:00+00:00"
"qF6Ku0s0OxvvqQqR,2023-05-27T12:31:00+00:00"
"qF6Ku0s0OxvvqQqR,2023-05-27T12:31:00+00:00"
"qF6Ku0s0OxvvqQqR,2023-05-27T12:31:00+00:00"
"fMBboDSyxnVrLOIc,2023-05-26T20:30:00+00:00"
"fMBboDSyxnVrLOIc,2023-05-26T20:30:00+00:00"
"fMBboDSyxnVrLOIc,2023-05-26T20:30:00+00:00"
"MqUNIrnn7ZV6ErtV,2023-05-26T18:02:00+00:00"
"MqUNIrnn7ZV6ErtV,2023-05-26T18:02:00+00:00"
"MqUNIrnn7ZV6ErtV,2023-05-26T18:02:00+00:00"
"2SaQAWLku2gWHDbN,2023-05-26T12:53:00+00:00"
"WshGxpZiizcxIxXu,2023-05-25T20:45:00+00:00"
"34PEvb6NpkOdv55O,2023-05-25T14:15:00+00:00"
"XMHPSasMex339e6K,2023-05-25T01:23:00+00:00"
"ueQfwC4MAGV75TRh,2023-05-24T13:21:00+00:00"
"ueQfwC4MAGV75TRh,2023-05-24T13:21:00+00:00"
"IkxCwIgaFsnwLRu5,2023-05-22T09:26:00+00:00"
"IkxCwIgaFsnwLRu5,2023-05-22T09:26:00+00:00"
"IkxCwIgaFsnwLRu5,2023-05-22T09:26:00+00:00"
"4zHkNUWigYvb9vLn,2023-05-21T11:06:00+00:00"
"PLLToG2e7YwSLtiZ,2023-05-19T20:43:00+00:00"
"PLLToG2e7YwSLtiZ,2023-05-19T20:43:00+00:00"
"PLLToG2e7YwSLtiZ,2023-05-19T20:43:00+00:00"
"4TmukHOk5Um6qln1,2023-05-18T16:15:00+00:00"
"4TmukHOk5Um6qln1,2023-05-18T16:15:00+00:00"
"4TmukHOk5Um6qln1,2023-05-18T16:15:00+00:00"
"yxsgAHOtFOy3pawl,2023-05-18T04:37:00+00:00"
"h3YDU94yjkB8a8at,2023-05-16T20:19:00+00:00"
"h3YDU94yjkB8a8at,2023-05-16T20:19:00+00:00"
"h3YDU94yjkB8a8at,2023-05-16T20:19:00+00:00"
"6LMo1Dz6nXAojvRg,2023-05-16T14:35:00+00:00"
"F8GgLStrAZk6R7jn,2023-05-16T05:58:00+00:00"
"BpdHtrH2bz7ZjPsc,2023-05-16T01:36:00+00:00"
"BpdHtrH2bz7ZjPsc,2023-05-16T01:36:00+00:00"
"BpdHtrH2bz7ZjPsc,2023-05-16T01:36:00+00:00"
"TeFcSmjxCM5RM4kI,2023-05-15T23:08:00+00:00"
"6UrBsKiaqbRk4gl9,2023-05-14T09:34:00+00:00"
"ld4Sbwp462G6W9wZ,2023-05-14T03:37:00+00:00"
"Mnvhq4x1unZLl91o,2023-05-13T13:26:00+00:00"
"Mnvhq4x1unZLl91o,2023-05-13T13:26:00+00:00"
"qLf4ZpEgAH5Q9wIJ,2023-05-13T11:18:00+00:00"
"SfRfamcRVo1S7mXG,2023-05-13T02:31:00+00:00"
"upJcGY1Gs33pRbaI,2023-05-12T23:21:00+00:00"
"SFGw6lTYIJW73LL4,2023-05-12T22:44:00+00:00"
"xw5huwxkYZmGjMhL,2023-05-11T03:19:00+00:00"
"nCtRLj5hENT3c8Oz,2023-05-10T16:26:00+00:00"
"4S0P8hqpcthgvVWj,2023-05-10T08:27:00+00:00"
"58v8HEPEl448fplF,2023-05-09T21:24:00+00:00"
"zVJOBm8M59pliGlt,2023-05-09T04:02:00+00:00"
"0wfdTpxFZPH4iGIv,2023-05-08T14:18:00+00:00"
"0wfdTpxFZPH4iGIv,2023-05-08T14:18:00+00:00"
"0wfdTpxFZPH4iGIv,2023-05-08T14:18:00+00:00"
"0wfdTpxFZPH4iGIv,2023-05-08T14:18:00+00:00"
"PUWumSTr1Cfh9KMi,2023-05-08T09:35:00+00:00"
"0P6FHPyC9aPtcP4h,2023-05-07T19:14:00+00:00"
"0P6FHPyC9aPtcP4h,2023-05-07T19:14:00+00:00"
"EHZmq459hIh1c3dM,2023-05-07T14:52:00+00:00"
"Pm5KObl204VME89j,2023-05-06T17:33:00+00:00"
"c5yG3wiAOR6KFqme,2023-05-06T02:53:00+00:00"
"grZ9pHZB5gnAMXtf,2023-05-05T10:04:00+00:00"
"KV0XkFklJ0KBxjaJ,2023-05-04T22:24:00+00:00"
"KV0XkFklJ0KBxjaJ,2023-05-04T22:24:00+00:00"
"KV0XkFklJ0KBxjaJ,2023-05-04T22:24:00+00:00"
"KV0XkFklJ0KBxjaJ,2023-05-04T22:24:00+00:00"
"tyfwT4sw6uUXJcpc,2023-05-04T13:21:00+00:00"
"3NFcKo3nbpo6E682,2023-05-04T02:37:00+00:00"
"3NFcKo3nbpo6E682,2023-05-04T02:37:00+00:00"
"3NFcKo3nbpo6E682,2023-05-04T02:37:00+00:00"
"z6gtqBcQiFVTTVr4,2023-05-03T22:58:00+00:00"
"z6gtqBcQiFVTTVr4,2023-05-03T22:58:00+00:00"
"z6gtqBcQiFVTTVr4,2023-05-03T22:58:00+00:00"
"BvepiAXlM3ubyeXS,2023-05-03T13:59:00+00:00"
"unemdTRfLTuD9Fe8,2023-05-03T11:24:00+00:00"
"6qZnW9zEh3gAi0w7,2023-05-03T09:58:00+00:00"
"lT8arTYMYs4uvPgp,2023-05-02T21:35:00+00:00"
"fWWejp9BIel7AZ3B,2023-05-01T21:50:00+00:00"
"Eu49ETSGeltgSNLV,2023-05-01T21:08:00+00:00"
"Eu49ETSGeltgSNLV,2023-05-01T21:08:00+00:00"
"Rmd6b5IlvoSBLW1J,2023-04-26T22:28:00+00:00"
"Rmd6b5IlvoSBLW1J,2023-04-26T22:28:00+00:00"
"ZR2xSL5s040mLm6f,2023-04-26T10:49:00+00:00"
"ZR2xSL5s040mLm6f,2023-04-26T10:49:00+00:00"
"ZR2xSL5s040mLm6f,2023-04-26T10:49:00+00:00"
"UNnAVihBkyY9g84o,2023-04-26T06:02:00+00:00"
"UNnAVihBkyY9g84o,2023-04-26T06:02:00+00:00"
"UNnAVihBkyY9g84o,2023-04-26T06:02:00+00:00"
"SUuNA5pVtwX0cNXS,2023-04-25T19:31:00+00:00"
"SUuNA5pVtwX0cNXS,2023-04-25T19:31:00+00:00"
"SUuNA5pVtwX0cNXS,2023-04-25T19:31:00+00:00"
"goHejZu7DKtPQyQ1,2023-04-25T12:52:00+00:00"
"eN1mhY3AO9iyCi6F,2023-04-25T04:59:00+00:00"
"eN1mhY3AO9iyCi6F,2023-04-25T04:59:00+00:00"
"eN1mhY3AO9iyCi6F,2023-04-25T04:59:00+00:00"
"uAtFDpVUZqjD4dNw,2023-04-25T02:30:00+00:00"
"dwYD2823tatD3xnn,2023-04-24T14:33:00+00:00"
"pZrjtvjc6oLsOjEA,2023-04-24T07:45:00+00:00"
"6Dq2Tt8N5I28xZC8,2023-04-23T16:43:00+00:00"
"6Dq2Tt8N5I28xZC8,2023-04-23T16:43:00+00:00"
"6Dq2Tt8N5I28xZC8,2023-04-23T16:43:00+00:00"
"Z0IefJ6ErBaihlbc,2023-04-23T15:45:00+00:00"
"UXNI0wvOSS2DJJkH,2023-04-23T09:41:00+00:00"
"8q4mudnPfkvsDPqT,2023-04-23T05:09:00+00:00"
"PcFFSVW4mAsX1CBY,2023-04-23T02:39:00+00:00"
"PcFFSVW4mAsX1CBY,2023-04-23T02:39:00+00:00"
"PcFFSVW4mAsX1CBY,2023-04-23T02:39:00+00:00"
"z9N8GPywBYU43pLk,2023-04-22T17:13:00+00:00"
"LZnkwNQmUkr8gkSX,2023-04-20T01:42:00+00:00"
"QfDyHNlLvqqKls4X,2023-04-17T16:59:00+00:00"
"QfDyHNlLvqqKls4X,2023-04-17T16:59:00+00:00"
"QfDyHNlLvqqKls4X,2023-04-17T16:59:00+00:00"
"0e7OjjzOG0tjhIt4,2023-04-17T08:57:00+00:00"
"0e7OjjzOG0tjhIt4,2023-04-17T08:57:00+00:00"
"msrv1PqGjTEpeEfA,2023-04-16T23:29:00+00:00"
"msrv1PqGjTEpeEfA,2023-04-16T23:29:00+00:00"
"eXp1ofxqobnyfZlZ,2023-04-16T20:43:00+00:00"
"7Adkg0AeEKBFxQ7x,2023-04-16T15:21:00+00:00"
"7Adkg0AeEKBFxQ7x,2023-04-16T15:21:00+00:00"
"7Adkg0AeEKBFxQ7x,2023-04-16T15:21:00+00:00"
"Luwqx6z3YRdMtMGd,2023-04-16T09:47:00+00:00"
"1ZEyDFzPHmDILHz6,2023-04-16T04:05:00+00:00"
"1ZEyDFzPHmDILHz6,2023-04-16T04:05:00+00:00"
"4bojJq8iRE6NIerd,2023-04-16T03:21:00+00:00"
"TFuAMGJ3x90lrvda,2023-04-16T01:37:00+00:00"
"RghrZc6ki3A2i6q7,2023-04-15T11:18:00+00:00"
"RghrZc6ki3A2i6q7,2023-04-15T11:18:00+00:00"
"RghrZc6ki3A2i6q7,2023-04-15T11:18:00+00:00"
"RghrZc6ki3A2i6q7,2023-04-15T11:18:00+00:00"
"eaHOALOFXBQKHIaQ,2023-04-15T09:02:00+00:00"
"eaHOALOFXBQKHIaQ,2023-04-15T09:02:00+00:00"
"eaHOALOFXBQKHIaQ,2023-04-15T09:02:00+00:00"
"QU2qrDDF1n4tTTsz,2023-04-14T19:14:00+00:00"
"QU2qrDDF1n4tTTsz,2023-04-14T19:14:00+00:00"
"5rY8p388xdRYlAs3,2023-04-14T17:20:00+00:00"
"tLjdTnjDviqrYpVA,2023-04-14T10:12:00+00:00"
"tLjdTnjDviqrYpVA,2023-04-14T10:12:00+00:00"
"FFfE2D5omVziQCfn,2023-04-14T09:24:00+00:00"
"eXEbaakZpCeuhMUI,2023-04-13T19:50:00+00:00"
"eXEbaakZpCeuhMUI,2023-04-13T19:50:00+00:00"
"eXEbaakZpCeuhMUI,2023-04-13T19:50:00+00:00"
"8Q0OaKHSUVq5bXW4,2023-04-13T02:57:00+00:00"
"Xgfs8Cel0N3ExVEa,2023-04-13T02:14:00+00:00"
"Xgfs8Cel0N3ExVEa,2023-04-13T02:14:00+00:00"
"Xat5X9c6xf2QPPOD,2023-04-13T02:05:00+00:00"
"Xat5X9c6xf2QPPOD,2023-04-13T02:05:00+00:00"
"Xat5X9c6xf2QPPOD,2023-04-13T02:05:00+00:00"
"QtEcUL6Nr77g7kHX,2023-04-12T16:08:00+00:00"
"PgPxScXoQqw2KdXQ,2023-04-12T02:50:00+00:00"
"PgPxScXoQqw2KdXQ,2023-04-12T02:50:00+00:00"
"PgPxScXoQqw2KdXQ,2023-04-12T02:50:00+00:00"
"p5WDFrKQhOfFObcS,2023-04-12T02:35:00+00:00"
"p5WDFrKQhOfFObcS,2023-04-12T02:35:00+00:00"
"mQZ80Yfe6H1tl5CR,2023-04-11T02:29:00+00:00"
"mQZ80Yfe6H1tl5CR,2023-04-11T02:29:00+00:00"
"mQZ80Yfe6H1tl5CR,2023-04-11T02:29:00+00:00"
"EzjghiUNsZ2VDwd2,2023-04-10T16:53:00+00:00"
"X6sHZQS9a195102J,2023-04-10T14:57:00+00:00"
"X6sHZQS9a195102J,2023-04-10T14:57:00+00:00"
"X6sHZQS9a195102J,2023-04-10T14:57:00+00:00"
"ZJyrFJIkaRj6aBaz,2023-04-10T07:10:00+00:00"
"ZJyrFJIkaRj6aBaz,2023-04-10T07:10:00+00:00"
"ZJyrFJIkaRj6aBaz,2023-04-10T07:10:00+00:00"
"ZJyrFJIkaRj6aBaz,2023-04-10T07:10:00+00:00"
"uU2KKyNmACmAfp5P,2023-04-10T06:11:00+00:00"
"uU2KKyNmACmAfp5P,2023-04-10T06:11:00+00:00"
"uU2KKyNmACmAfp5P,2023-04-10T06:11:00+00:00"
"s575u8Ut04SuzPC1,2023-04-09T03:30:00+00:00"
"0VyFtJF03zSpZL7F,2023-04-08T16:56:00+00:00"
"0VyFtJF03zSpZL7F,2023-04-08T16:56:00+00:00"
"vk4y9dLv607xVZag,2023-04-08T09:34:00+00:00"
"vk4y9dLv607xVZag,2023-04-08T09:34:00+00:00"
"vk4y9dLv607xVZag,2023-04-08T09:34:00+00:00"
"8jivf3ocQtq22L8v,2023-04-07T03:23:00+00:00"
"8jivf3ocQtq22L8v,2023-04-07T03:23:00+00:00"
"9OKj85h1YCluPvVv,2023-04-06T18:18:00+00:00"
"3F5g7ZeRNUElhuhY,2023-04-05T14:40:00+00:00"
"qjkFZGYP3V1DPHB1,2023-04-04T21:18:00+00:00"
"qjkFZGYP3V1DPHB1,2023-04-04T21:18:00+00:00"
"2gjG93stcc7J0kui,2023-04-04T20:24:00+00:00"
"fOVMGpv9Bk8byHgh,2023-04-04T14:30:00+00:00"
"aJRDotrB6z2pBKVS,2023-04-04T10:21:00+00:00"
"aJRDotrB6z2pBKVS,2023-04-04T10:21:00+00:00"
"aJRDotrB6z2pBKVS,2023-04-04T10:21:00+00:00"
"IQuXp6WscM6JUUZU,2023-04-03T17:19:00+00:00"
"IQuXp6WscM6JUUZU,2023-04-03T17:19:00+00:00"
"IQuXp6WscM6JUUZU,2023-04-03T17:19:00+00:00"
"IQuXp6WscM6JUUZU,2023-04-03T17:19:00+00:00"
"o0AsyjjXDdVMDEJx,2023-04-03T13:17:00+00:00"
"lZsgSXnRD04qs9Ic,2023-04-03T10:41:00+00:00"
"lZsgSXnRD04qs9Ic,2023-04-03T10:41:00+00:00"
"lZsgSXnRD04qs9Ic,2023-04-03T10:41:00+00:00"
"5MRyhZKxlcxc1uPH,2023-04-03T04:56:00+00:00"
"u5zz52WtuWUklDTX,2023-04-02T00:04:00+00:00"
"UoBpYbEYTiufr4G0,2023-04-01T08:40:00+00:00"
"MxkRMITUgYFeYJSV,2023-04-01T08:34:00+00:00"
"vZYpM9G6iwSUO4yy,2023-03-28T23:15:00+00:00"
"wbEWPgt1DkLhpdF9,2023-03-26T17:20:00+00:00"
"wbEWPgt1DkLhpdF9,2023-03-26T17:20:00+00:00"
"eApWZR0J7lCiUOwO,2023-03-26T06:46:00+00:00"
"eApWZR0J7lCiUOwO,2023-03-26T06:46:00+00:00"
"q25Wrnmp8lt6f55i,2023-03-25T20:13:00+00:00"
"fgAupxxQA759o4nG,2023-03-24T20:05:00+00:00"
"1ctdGFuoHRuKxaM4,2023-03-23T11:43:00+00:00"
"1HI9tDzXcnonjXpK,2023-03-23T00:51:00+00:00"
"QFpuZXUljDFZgJha,2023-03-22T20:55:00+00:00"
"HNKRfa195jW6CO2X,2023-03-20T17:36:00+00:00"
"HNKRfa195jW6CO2X,2023-03-20T17:36:00+00:00"
"HNKRfa195jW6CO2X,2023-03-20T17:36:00+00:00"
"HNKRfa195jW6CO2X,2023-03-20T17:36:00+00:00"
"5Bu8gbiduYkJ0VJQ,2023-03-19T21:14:00+00:00"
"kKh1jPz9srRxN7oH,2023-03-19T13:09:00+00:00"
"40gWsxuRxrHh6tNZ,2023-03-19T04:48:00+00:00"
"40gWsxuRxrHh6tNZ,2023-03-19T04:48:00+00:00"
"40gWsxuRxrHh6tNZ,2023-03-19T04:48:00+00:00"
"UuQ8ky5mOsBhGIX8,2023-03-18T02:56:00+00:00"
"UuQ8ky5mOsBhGIX8,2023-03-18T02:56:00+00:00"
"UuQ8ky5mOsBhGIX8,2023-03-18T02:56:00+00:00"
"qqOgzBia4RgbN0Mo,2023-03-17T03:27:00+00:00"
"beU6fQkxsqpn9CM4,2023-03-17T01:01:00+00:00"
"Drj1gmoxl0MZmwIN,2023-03-16T12:26:00+00:00"
"Drj1gmoxl0MZmwIN,2023-03-16T12:26:00+00:00"
"Drj1gmoxl0MZmwIN,2023-03-16T12:26:00+00:00"
"IkZEJe8v1ZfIWT9Z,2023-03-16T01:55:00+00:00"
"IkZEJe8v1ZfIWT9Z,2023-03-16T01:55:00+00:00"
"IkZEJe8v1ZfIWT9Z,2023-03-16T01:55:00+00:00"
"Ilx0a1g4kfMhNTGN,2023-03-15T04:20:00+00:00"
"Ilx0a1g4kfMhNTGN,2023-03-15T04:20:00+00:00"
"YKbrMuqGcP4T6ifN,2023-03-13T14:55:00+00:00"
"1uY21gCNK9Oi0o7F,2023-03-12T05:22:00+00:00"
"KmP5HZSYAIHO3rKT,2023-03-11T20:19:00+00:00"
"dwQVxQ1dP6eyfkYk,2023-03-10T02:33:00+00:00"
"dwQVxQ1dP6eyfkYk,2023-03-10T02:33:00+00:00"
"qVrq8JgFlSt0rYcJ,2023-03-09T06:54:00+00:00"
"qVrq8JgFlSt0rYcJ,2023-03-09T06:54:00+00:00"
"qVrq8JgFlSt0rYcJ,2023-03-09T06:54:00+00:00"
"qVrq8JgFlSt0rYcJ,2023-03-09T06:54:00+00:00"
"WoAcyKLXOcoOTd9L,2023-03-08T01:35:00+00:00"
"vzEfKBHkJrlbC4Vo,2023-03-06T00:02:00+00:00"
"4kyMaHOCAuAxUczB,2023-03-05T19:15:00+00:00"
"FUFvzdbFQijDOxoG,2023-03-04T12:33:00+00:00"
"tpXXerLNCnwzCZmF,2023-03-03T06:19:00+00:00"
"tpXXerLNCnwzCZmF,2023-03-03T06:19:00+00:00"
"ywvRsl4g0FSoSxlI,2023-03-02T22:47:00+00:00"
"D8NLYmERABuWGUR0,2023-03-02T20:26:00+00:00"
"7HtgVMX0xfH5e9wZ,2023-03-02T18:12:00+00:00"
"5B6GkD7vNCFSd9yF,2023-03-01T06:15:00+00:00"
"5B6GkD7vNCFSd9yF,2023-03-01T06:15:00+00:00"
"0R3SZTrOEw2aT2KV,2023-02-28T19:07:00+00:00"
"0R3SZTrOEw2aT2KV,2023-02-28T19:07:00+00:00"
"0R3SZTrOEw2aT2KV,2023-02-28T19:07:00+00:00"
"TNRV54wGSLYx677E,2023-02-27T23:36:00+00:00"
"t9yyHFZXMTipNvPx,2023-02-27T22:42:00+00:00"
"B97JrJEnpbYbml5H,2023-02-27T02:22:00+00:00"
"KkyLSSZkQ0KnZ6nD,2023-02-26T10:50:00+00:00"
"KkyLSSZkQ0KnZ6nD,2023-02-26T10:50:00+00:00"
"KkyLSSZkQ0KnZ6nD,2023-02-26T10:50:00+00:00"
"FE2j0c6XQrT4sG5f,2023-02-26T03:39:00+00:00"
"FE2j0c6XQrT4sG5f,2023-02-26T03:39:00+00:00"
"FE2j0c6XQrT4sG5f,2023-02-26T03:39:00+00:00"
"FE2j0c6XQrT4sG5f,2023-02-26T03:39:00+00:00"
"P2ws5Qtu4QNA9e38,2023-02-26T01:44:00+00:00"
"P2ws5Qtu4QNA9e38,2023-02-26T01:44:00+00:00"
"P2ws5Qtu4QNA9e38,2023-02-26T01:44:00+00:00"
"wbKtr2UCj7CIezHG,2023-02-24T20:36:00+00:00"
"wbKtr2UCj7CIezHG,2023-02-24T20:36:00+00:00"
"mvM7muMO7OPfPjpx,2023-02-23T05:41:00+00:00"
"udFUBg9G1QXVNg9B,2023-02-23T05:16:00+00:00"
"udFUBg9G1QXVNg9B,2023-02-23T05:16:00+00:00"
"udFUBg9G1QXVNg9B,2023-02-23T05:16:00+00:00"
"udFUBg9G1QXVNg9B,2023-02-23T05:16:00+00:00"
"LNpXqcOkpXJ0S6dd,2023-02-23T00:27:00+00:00"
"TSZVXNPaOFisH9fW,2023-02-22T21:02:00+00:00"
"oRlpnWSqMBBa4fXt,2023-02-22T13:50:00+00:00"
"LrB6yFwZh2g7wACo,2023-02-22T04:17:00+00:00"
"W9b5PtUqnsMYezus,2023-02-22T03:36:00+00:00"
"W9b5PtUqnsMYezus,2023-02-22T03:36:00+00:00"
"1O5oOyxoXXnkZbZW,2023-02-21T06:18:00+00:00"
"mlIXZG96X30jcM4Y,2023-02-21T02:21:00+00:00"
"mlIXZG96X30jcM4Y,2023-02-21T02:21:00+00:00"
"mlIXZG96X30jcM4Y,2023-02-21T02:21:00+00:00"
"aCjDNJw6J8bNdol0,2023-02-20T15:40:00+00:00"
"h3Vp1N1tlaC009WV,2023-02-20T13:17:00+00:00"
"h3Vp1N1tlaC009WV,2023-02-20T13:17:00+00:00"
"n8DCZ1dPhiAzN4kc,2023-02-19T20:08:00+00:00"
"n8DCZ1dPhiAzN4kc,2023-02-19T20:08:00+00:00"
"n8DCZ1dPhiAzN4kc,2023-02-19T20:08:00+00:00"
"NOm4K5AAS212Fme9,2023-02-19T20:06:00+00:00"
"NOm4K5AAS212Fme9,2023-02-19T20:06:00+00:00"
"62QRi8bUgITMKx7x,2023-02-18T04:36:00+00:00"
"MUEyQUNzHHYR4KyA,2023-02-17T17:56:00+00:00"
"MUEyQUNzHHYR4KyA,2023-02-17T17:56:00+00:00"
"Btwys9r2CjR46UrE,2023-02-17T07:27:00+00:00"
"Btwys9r2CjR46UrE,2023-02-17T07:27:00+00:00"
"Btwys9r2CjR46UrE,2023-02-17T07:27:00+00:00"
"Btwys9r2CjR46UrE,2023-02-17T07:27:00+00:00"
"qfa57TdhvqJcmhp3,2023-02-17T02:19:00+00:00"
"qfa57TdhvqJcmhp3,2023-02-17T02:19:00+00:00"
"vwQg5TgJ6ZODxzJj,2023-02-16T13:46:00+00:00"
"epLWaBdqYxlu2tqW,2023-02-15T20:08:00+00:00"
"epLWaBdqYxlu2tqW,2023-02-15T20:08:00+00:00"
"epLWaBdqYxlu2tqW,2023-02-15T20:08:00+00:00"
"epLWaBdqYxlu2tqW,2023-02-15T20:08:00+00:00"
"4DlkjacjrzWKn2ZJ,2023-02-15T18:16:00+00:00"
"4DlkjacjrzWKn2ZJ,2023-02-15T18:16:00+00:00"
"4DlkjacjrzWKn2ZJ,2023-02-15T18:16:00+00:00"
"piTMmUL6FVZmDfv8,2023-02-15T10:07:00+00:00"
"nMqQNh8SdNsgglXF,2023-02-15T09:48:00+00:00"
"nMqQNh8SdNsgglXF,2023-02-15T09:48:00+00:00"
"jkqjISZHQhihEr5x,2023-02-15T03:08:00+00:00"
"BnrVvbTZd07cft98,2023-02-14T12:19:00+00:00"
"mUUU9ap4S7omk4MF,2023-02-12T16:36:00+00:00"
"s4ZGCp18tbpzx2TY,2023-02-12T07:24:00+00:00"
"sb3R9kE19kSpQgce,2023-02-11T23:25:00+00:00"
"sb3R9kE19kSpQgce,2023-02-11T23:25:00+00:00"
"sb3R9kE19kSpQgce,2023-02-11T23:25:00+00:00"
"gT98EUy8z0HUsvhX,2023-02-11T13:46:00+00:00"
"4i4OhZSkkbwR85Rj,2023-02-11T01:45:00+00:00"
"nzKZiPlfZYj4ZN2m,2023-02-09T20:29:00+00:00"
"nzKZiPlfZYj4ZN2m,2023-02-09T20:29:00+00:00"
"lOY1JlrZLo0QkSby,2023-02-09T11:53:00+00:00"
"xNpJBMuQofLgnvyo,2023-02-09T09:37:00+00:00"
"xNpJBMuQofLgnvyo,2023-02-09T09:37:00+00:00"
"xNpJBMuQofLgnvyo,2023-02-09T09:37:00+00:00"
"VgaHTJzANiM054Ig,2023-02-09T03:57:00+00:00"
"VOYVoEcDszjypOJ3,2023-02-09T03:44:00+00:00"
"LboaPcynN6Ok0KAq,2023-02-08T17:25:00+00:00"
"LboaPcynN6Ok0KAq,2023-02-08T17:25:00+00:00"
"MgBrHeJkG6bz09Xx,2023-02-07T23:23:00+00:00"
"MgBrHeJkG6bz09Xx,2023-02-07T23:23:00+00:00"
"MgBrHeJkG6bz09Xx,2023-02-07T23:23:00+00:00"
"3gszEUMXYuuAquj9,2023-02-04T15:41:00+00:00"
"yK9uuTaahQGIU5Wh,2023-02-03T19:29:00+00:00"
"4NG1g4NFMSbTe07H,2023-02-03T04:53:00+00:00"
"4NG1g4NFMSbTe07H,2023-02-03T04:53:00+00:00"
"HgNtLYaCqbk9XrHH,2023-02-02T17:09:00+00:00"
"QNeAQSJYgFqSAA1a,2023-02-02T01:22:00+00:00"
"zonvvIIsZ7FlmBWN,2023-01-28T20:02:00+00:00"
"zonvvIIsZ7FlmBWN,2023-01-28T20:02:00+00:00"
"zonvvIIsZ7FlmBWN,2023-01-28T20:02:00+00:00"
"QOVA4B1NY1KigjL7,2023-01-28T06:03:00+00:00"
"QOVA4B1NY1KigjL7,2023-01-28T06:03:00+00:00"
"QOVA4B1NY1KigjL7,2023-01-28T06:03:00+00:00"
"29QLN6Injra1QwGe,2023-01-28T05:57:00+00:00"
"29QLN6Injra1QwGe,2023-01-28T05:57:00+00:00"
"29QLN6Injra1QwGe,2023-01-28T05:57:00+00:00"
"oGKgfelv2lbOmRGY,2023-01-28T03:13:00+00:00"
"oWbfRBSbu2sZw8HV,2023-01-27T08:15:00+00:00"
"UTW1HWRpkVE9VD8V,2023-01-27T04:54:00+00:00"
"5ZeMdftqC5ejf8Oo,2023-01-27T00:01:00+00:00"
"5ZeMdftqC5ejf8Oo,2023-01-27T00:01:00+00:00"
"ywlP2HACGad5Yfhf,2023-01-25T21:58:00+00:00"
"ywlP2HACGad5Yfhf,2023-01-25T21:58:00+00:00"
"uQN7zRu4E7bQU7Br,2023-01-25T12:01:00+00:00"
"uQN7zRu4E7bQU7Br,2023-01-25T12:01:00+00:00"
"WIWrHM7O9eOGi4QS,2023-01-25T11:34:00+00:00"
"WIWrHM7O9eOGi4QS,2023-01-25T11:34:00+00:00"
"WIWrHM7O9eOGi4QS,2023-01-25T11:34:00+00:00"
"uZpB4xJsKhwIkPFD,2023-01-25T08:08:00+00:00"
"uZpB4xJsKhwIkPFD,2023-01-25T08:08:00+00:00"
"uZpB4xJsKhwIkPFD,2023-01-25T08:08:00+00:00"
"fUoHayDoWdgHwojc,2023-01-24T17:53:00+00:00"
"fUoHayDoWdgHwojc,2023-01-24T17:53:00+00:00"
"1s8EaaxtS7J2CNjS,2023-01-24T17:11:00+00:00"
"1s8EaaxtS7J2CNjS,2023-01-24T17:11:00+00:00"
"9DyfbwqXBbD4hvpF,2023-01-24T16:54:00+00:00"
"FsZKTUjdev5p4O3H,2023-01-23T13:23:00+00:00"
"FsZKTUjdev5p4O3H,2023-01-23T13:23:00+00:00"
"FsZKTUjdev5p4O3H,2023-01-23T13:23:00+00:00"
"LbrgrNA16Xd9bzFz,2023-01-22T13:07:00+00:00"
"H3DOIqx9hZRR6VYz,2023-01-21T21:07:00+00:00"
"H3DOIqx9hZRR6VYz,2023-01-21T21:07:00+00:00"
"90rndX16DuRNiroG,2023-01-21T18:07:00+00:00"
"90rndX16DuRNiroG,2023-01-21T18:07:00+00:00"
"idkZC9INhQ7Hy0nC,2023-01-21T14:46:00+00:00"
"idkZC9INhQ7Hy0nC,2023-01-21T14:46:00+00:00"
"idkZC9INhQ7Hy0nC,2023-01-21T14:46:00+00:00"
"idkZC9INhQ7Hy0nC,2023-01-21T14:46:00+00:00"
"Nj6zc7JUOjX77RUV,2023-01-20T22:21:00+00:00"
"Nj6zc7JUOjX77RUV,2023-01-20T22:21:00+00:00"
"Nj6zc7JUOjX77RUV,2023-01-20T22:21:00+00:00"
"Nj6zc7JUOjX77RUV,2023-01-20T22:21:00+00:00"
"ywF0cxTD74UEEVf2,2023-01-20T08:19:00+00:00"
"HXY4b1dJk0eHrvRx,2023-01-20T07:09:00+00:00"
"HXY4b1dJk0eHrvRx,2023-01-20T07:09:00+00:00"
"HXY4b1dJk0eHrvRx,2023-01-20T07:09:00+00:00"
"fJVAeTYLn63w2Smx,2023-01-19T12:37:00+00:00"
"fJVAeTYLn63w2Smx,2023-01-19T12:37:00+00:00"
"fJVAeTYLn63w2Smx,2023-01-19T12:37:00+00:00"
"6o0Ymv2ke08c9KL3,2023-01-18T04:53:00+00:00"
"6o0Ymv2ke08c9KL3,2023-01-18T04:53:00+00:00"
"6o0Ymv2ke08c9KL3,2023-01-18T04:53:00+00:00"
"rmuXpjQwo3H3aNkO,2023-01-18T00:12:00+00:00"
"rmuXpjQwo3H3aNkO,2023-01-18T00:12:00+00:00"
"rmuXpjQwo3H3aNkO,2023-01-18T00:12:00+00:00"
"0Vr7JqGGJOKCeMC3,2023-01-17T11:22:00+00:00"
"CYf52J3TninQCprR,2023-01-15T23:38:00+00:00"
"KO4UfMusnHRqm43e,2023-01-15T10:13:00+00:00"
"KO4UfMusnHRqm43e,2023-01-15T10:13:00+00:00"
"KO4UfMusnHRqm43e,2023-01-15T10:13:00+00:00"
"WZR9yQIuFmoZbqyI,2023-01-13T18:35:00+00:00"
"pqefVJoVfQMAZ87J,2023-01-13T17:11:00+00:00"
"pqefVJoVfQMAZ87J,2023-01-13T17:11:00+00:00"
"daqjuXIxxJnb8ftU,2023-01-13T07:56:00+00:00"
"daqjuXIxxJnb8ftU,2023-01-13T07:56:00+00:00"
"daqjuXIxxJnb8ftU,2023-01-13T07:56:00+00:00"
"klRKDqSd6WIFrsCL,2023-01-12T14:15:00+00:00"
"klRKDqSd6WIFrsCL,2023-01-12T14:15:00+00:00"
"klRKDqSd6WIFrsCL,2023-01-12T14:15:00+00:00"
"klRKDqSd6WIFrsCL,2023-01-12T14:15:00+00:00"
"38PqKRhLT7mbZj2z,2023-01-11T18:50:00+00:00"
"38PqKRhLT7mbZj2z,2023-01-11T18:50:00+00:00"
"38PqKRhLT7mbZj2z,2023-01-11T18:50:00+00:00"
"myvpzHUcRxrQW922,2023-01-11T04:57:00+00:00"
"ub3652kiO4ff8B6I,2023-01-09T19:40:00+00:00"
"p06rvc6nPigzG8Q2,2023-01-09T15:59:00+00:00"
"p06rvc6nPigzG8Q2,2023-01-09T15:59:00+00:00"
"p06rvc6nPigzG8Q2,2023-01-09T15:59:00+00:00"
"q4VqxY2EejjotNLU,2023-01-09T10:09:00+00:00"
"q4VqxY2EejjotNLU,2023-01-09T10:09:00+00:00"
"q4VqxY2EejjotNLU,2023-01-09T10:09:00+00:00"
"ZvjFMN5GubPl6U8C,2023-01-09T07:22:00+00:00"
"BYzKLCsXgiZ6CZdj,2023-01-08T11:59:00+00:00"
"BYzKLCsXgiZ6CZdj,2023-01-08T11:59:00+00:00"
"BYzKLCsXgiZ6CZdj,2023-01-08T11:59:00+00:00"
"BYzKLCsXgiZ6CZdj,2023-01-08T11:59:00+00:00"
"OUCd1HDzSKez8lFG,2023-01-07T22:41:00+00:00"
"5s7KIke3ClqStZSW,2023-01-07T20:11:00+00:00"
"5s7KIke3ClqStZSW,2023-01-07T20:11:00+00:00"
"5s7KIke3ClqStZSW,2023-01-07T20:11:00+00:00"
"C86dLYEmpMuTwuDI,2023-01-07T06:23:00+00:00"
"C86dLYEmpMuTwuDI,2023-01-07T06:23:00+00:00"
"C86dLYEmpMuTwuDI,2023-01-07T06:23:00+00:00"
"jfQ1phKwlyfRgCmA,2023-01-07T02:01:00+00:00"
"jfQ1phKwlyfRgCmA,2023-01-07T02:01:00+00:00"
"jfQ1phKwlyfRgCmA,2023-01-07T02:01:00+00:00"
"yHPmpTnwy7lye88O,2023-01-03T09:23:00+00:00"
"yHPmpTnwy7lye88O,2023-01-03T09:23:00+00:00"
"WxYSfc7VjpWANsVe,2023-01-01T11:36:00+00:00"
"DPPGf9oJ6uXhoeut,2023-01-01T04:02:00+00:00"
